domain,source
ciencia.gob.es,swh_gov_domains
congreso.es,swh_gov_domains
consejo-estado.es,swh_gov_domains
cultura.gob.es,swh_gov_domains
defensa.gob.es,swh_gov_domains
dsca.gob.es,swh_gov_domains
educacionfpydeportes.gob.es,swh_gov_domains
exteriores.gob.es,swh_gov_domains
gob.es,swh_gov_domains
hacienda.gob.es,swh_gov_domains
igualdad.gob.es,swh_gov_domains
inclusion.gob.es,swh_gov_domains
juventudeinfancia.gob.es,swh_gov_domains
lamoncloa.gob.es,swh_gov_domains
mapa.gob.es,swh_gov_domains
mapama.gob.es,swh_gov_domains
mcu.es,swh_gov_domains
mdsocialesa2030.gob.es,swh_gov_domains
mineco.gob.es,swh_gov_domains
minetad.gob.es,swh_gov_domains
minhafp.gob.es,swh_gov_domains
mintur.gob.es,swh_gov_domains
miteco.gob.es,swh_gov_domains
mites.gob.es,swh_gov_domains
mitramiss.gob.es,swh_gov_domains
mjusticia.gob.es,swh_gov_domains
mpr.gob.es,swh_gov_domains
mptfp.gob.es,swh_gov_domains
msssi.gob.es,swh_gov_domains
sanidad.gob.es,swh_gov_domains
senado.es,swh_gov_domains
transportes.gob.es,swh_gov_domains
