country_code,country,service,domains_depending,scanned_domains,percent
UNITED_KINGDOM_UK,United Kingdom,googleapis.com,1433,3201,44.8
UNITED_KINGDOM_UK,United Kingdom,googletagmanager.com,1264,3201,39.5
UNITED_KINGDOM_UK,United Kingdom,gstatic.com,584,3201,18.2
UNITED_KINGDOM_UK,United Kingdom,jsdelivr.net,430,3201,13.4
UNITED_KINGDOM_UK,United Kingdom,fontawesome.com,404,3201,12.6
UNITED_KINGDOM_UK,United Kingdom,google.com,1138,3201,35.6
UNITED_KINGDOM_UK,United Kingdom,cloudflare.com,809,3201,25.3
UNITED_KINGDOM_UK,United Kingdom,jquery.com,182,3201,5.7
UNITED_KINGDOM_UK,United Kingdom,unpkg.com,342,3201,10.7
UNITED_KINGDOM_UK,United Kingdom,bootstrapcdn.com,163,3201,5.1
UNITED_KINGDOM_UK,United Kingdom,typekit.net,148,3201,4.6
UNITED_KINGDOM_UK,United Kingdom,cookiebot.com,58,3201,1.8
UNITED_KINGDOM_UK,United Kingdom,facebook.com,23,3201,0.7
UNITED_KINGDOM_UK,United Kingdom,facebook.net,63,3201,2.0
UNITED_KINGDOM_UK,United Kingdom,amazonaws.com,137,3201,4.3
UNITED_KINGDOM_UK,United Kingdom,addtoany.com,37,3201,1.2
UNITED_KINGDOM_UK,United Kingdom,arcgis.com,26,3201,0.8
UNITED_KINGDOM_UK,United Kingdom,cdn-cookieyes.com,61,3201,1.9
UNITED_KINGDOM_UK,United Kingdom,fbcdn.net,21,3201,0.7
UNITED_KINGDOM_UK,United Kingdom,mapbox.com,48,3201,1.5
POLAND,Poland,googleapis.com,1479,2437,60.7
POLAND,Poland,googletagmanager.com,666,2437,27.3
POLAND,Poland,gstatic.com,507,2437,20.8
POLAND,Poland,jsdelivr.net,185,2437,7.6
POLAND,Poland,fontawesome.com,145,2437,5.9
POLAND,Poland,google.com,381,2437,15.6
POLAND,Poland,cloudflare.com,245,2437,10.1
POLAND,Poland,jquery.com,134,2437,5.5
POLAND,Poland,unpkg.com,67,2437,2.7
POLAND,Poland,bootstrapcdn.com,160,2437,6.6
POLAND,Poland,typekit.net,29,2437,1.2
POLAND,Poland,cookiebot.com,27,2437,1.1
POLAND,Poland,facebook.com,117,2437,4.8
POLAND,Poland,facebook.net,70,2437,2.9
POLAND,Poland,amazonaws.com,10,2437,0.4
POLAND,Poland,addtoany.com,23,2437,0.9
POLAND,Poland,arcgis.com,2,2437,0.1
POLAND,Poland,cdn-cookieyes.com,69,2437,2.8
POLAND,Poland,fbcdn.net,51,2437,2.1
POLAND,Poland,mapbox.com,11,2437,0.5
FRANCE,France,googleapis.com,230,665,34.6
FRANCE,France,googletagmanager.com,88,665,13.2
FRANCE,France,gstatic.com,115,665,17.3
FRANCE,France,jsdelivr.net,93,665,14.0
FRANCE,France,fontawesome.com,61,665,9.2
FRANCE,France,google.com,96,665,14.4
FRANCE,France,cloudflare.com,116,665,17.4
FRANCE,France,jquery.com,47,665,7.1
FRANCE,France,unpkg.com,68,665,10.2
FRANCE,France,bootstrapcdn.com,73,665,11.0
FRANCE,France,typekit.net,30,665,4.5
FRANCE,France,cookiebot.com,4,665,0.6
FRANCE,France,facebook.com,11,665,1.7
FRANCE,France,facebook.net,11,665,1.7
FRANCE,France,amazonaws.com,12,665,1.8
FRANCE,France,addtoany.com,29,665,4.4
FRANCE,France,arcgis.com,5,665,0.8
FRANCE,France,cdn-cookieyes.com,1,665,0.2
FRANCE,France,fbcdn.net,16,665,2.4
FRANCE,France,mapbox.com,9,665,1.4
PORTUGAL,Portugal,googleapis.com,228,383,59.5
PORTUGAL,Portugal,googletagmanager.com,205,383,53.5
PORTUGAL,Portugal,gstatic.com,93,383,24.3
PORTUGAL,Portugal,jsdelivr.net,70,383,18.3
PORTUGAL,Portugal,fontawesome.com,39,383,10.2
PORTUGAL,Portugal,google.com,132,383,34.5
PORTUGAL,Portugal,cloudflare.com,74,383,19.3
PORTUGAL,Portugal,jquery.com,44,383,11.5
PORTUGAL,Portugal,unpkg.com,51,383,13.3
PORTUGAL,Portugal,bootstrapcdn.com,30,383,7.8
PORTUGAL,Portugal,typekit.net,8,383,2.1
PORTUGAL,Portugal,cookiebot.com,3,383,0.8
PORTUGAL,Portugal,facebook.com,7,383,1.8
PORTUGAL,Portugal,facebook.net,4,383,1.0
PORTUGAL,Portugal,amazonaws.com,9,383,2.3
PORTUGAL,Portugal,addtoany.com,10,383,2.6
PORTUGAL,Portugal,arcgis.com,3,383,0.8
PORTUGAL,Portugal,cdn-cookieyes.com,5,383,1.3
PORTUGAL,Portugal,fbcdn.net,2,383,0.5
PORTUGAL,Portugal,mapbox.com,5,383,1.3
GREECE,Greece,googleapis.com,241,364,66.2
GREECE,Greece,googletagmanager.com,133,364,36.5
GREECE,Greece,gstatic.com,106,364,29.1
GREECE,Greece,jsdelivr.net,60,364,16.5
GREECE,Greece,fontawesome.com,25,364,6.9
GREECE,Greece,google.com,63,364,17.3
GREECE,Greece,cloudflare.com,59,364,16.2
GREECE,Greece,jquery.com,26,364,7.1
GREECE,Greece,unpkg.com,23,364,6.3
GREECE,Greece,bootstrapcdn.com,23,364,6.3
GREECE,Greece,typekit.net,4,364,1.1
GREECE,Greece,cookiebot.com,1,364,0.3
GREECE,Greece,facebook.com,4,364,1.1
GREECE,Greece,facebook.net,8,364,2.2
GREECE,Greece,amazonaws.com,0,364,0.0
GREECE,Greece,addtoany.com,9,364,2.5
GREECE,Greece,arcgis.com,1,364,0.3
GREECE,Greece,cdn-cookieyes.com,21,364,5.8
GREECE,Greece,fbcdn.net,2,364,0.5
GREECE,Greece,mapbox.com,0,364,0.0
SPAIN,Spain,googleapis.com,104,245,42.4
SPAIN,Spain,googletagmanager.com,88,245,35.9
SPAIN,Spain,gstatic.com,53,245,21.6
SPAIN,Spain,jsdelivr.net,54,245,22.0
SPAIN,Spain,fontawesome.com,32,245,13.1
SPAIN,Spain,google.com,48,245,19.6
SPAIN,Spain,cloudflare.com,61,245,24.9
SPAIN,Spain,jquery.com,25,245,10.2
SPAIN,Spain,unpkg.com,22,245,9.0
SPAIN,Spain,bootstrapcdn.com,27,245,11.0
SPAIN,Spain,typekit.net,1,245,0.4
SPAIN,Spain,cookiebot.com,1,245,0.4
SPAIN,Spain,facebook.com,10,245,4.1
SPAIN,Spain,facebook.net,9,245,3.7
SPAIN,Spain,amazonaws.com,4,245,1.6
SPAIN,Spain,addtoany.com,19,245,7.8
SPAIN,Spain,arcgis.com,4,245,1.6
SPAIN,Spain,cdn-cookieyes.com,1,245,0.4
SPAIN,Spain,fbcdn.net,2,245,0.8
SPAIN,Spain,mapbox.com,3,245,1.2
SWEDEN,Sweden,googleapis.com,64,241,26.6
SWEDEN,Sweden,googletagmanager.com,15,241,6.2
SWEDEN,Sweden,gstatic.com,20,241,8.3
SWEDEN,Sweden,jsdelivr.net,17,241,7.1
SWEDEN,Sweden,fontawesome.com,9,241,3.7
SWEDEN,Sweden,google.com,25,241,10.4
SWEDEN,Sweden,cloudflare.com,25,241,10.4
SWEDEN,Sweden,jquery.com,14,241,5.8
SWEDEN,Sweden,unpkg.com,2,241,0.8
SWEDEN,Sweden,bootstrapcdn.com,12,241,5.0
SWEDEN,Sweden,typekit.net,10,241,4.1
SWEDEN,Sweden,cookiebot.com,18,241,7.5
SWEDEN,Sweden,facebook.com,1,241,0.4
SWEDEN,Sweden,facebook.net,1,241,0.4
SWEDEN,Sweden,amazonaws.com,3,241,1.2
SWEDEN,Sweden,addtoany.com,1,241,0.4
SWEDEN,Sweden,arcgis.com,0,241,0.0
SWEDEN,Sweden,cdn-cookieyes.com,3,241,1.2
SWEDEN,Sweden,fbcdn.net,1,241,0.4
SWEDEN,Sweden,mapbox.com,1,241,0.4
GERMANY,Germany,googleapis.com,15,216,6.9
GERMANY,Germany,googletagmanager.com,6,216,2.8
GERMANY,Germany,gstatic.com,8,216,3.7
GERMANY,Germany,jsdelivr.net,14,216,6.5
GERMANY,Germany,fontawesome.com,3,216,1.4
GERMANY,Germany,google.com,4,216,1.9
GERMANY,Germany,cloudflare.com,14,216,6.5
GERMANY,Germany,jquery.com,9,216,4.2
GERMANY,Germany,unpkg.com,4,216,1.9
GERMANY,Germany,bootstrapcdn.com,6,216,2.8
GERMANY,Germany,typekit.net,2,216,0.9
GERMANY,Germany,cookiebot.com,11,216,5.1
GERMANY,Germany,facebook.com,1,216,0.5
GERMANY,Germany,facebook.net,0,216,0.0
GERMANY,Germany,amazonaws.com,6,216,2.8
GERMANY,Germany,addtoany.com,2,216,0.9
GERMANY,Germany,arcgis.com,1,216,0.5
GERMANY,Germany,cdn-cookieyes.com,0,216,0.0
GERMANY,Germany,fbcdn.net,1,216,0.5
GERMANY,Germany,mapbox.com,2,216,0.9
CANADA,Canada,googleapis.com,103,190,54.2
CANADA,Canada,googletagmanager.com,77,190,40.5
CANADA,Canada,gstatic.com,36,190,18.9
CANADA,Canada,jsdelivr.net,38,190,20.0
CANADA,Canada,fontawesome.com,53,190,27.9
CANADA,Canada,google.com,48,190,25.3
CANADA,Canada,cloudflare.com,41,190,21.6
CANADA,Canada,jquery.com,22,190,11.6
CANADA,Canada,unpkg.com,21,190,11.1
CANADA,Canada,bootstrapcdn.com,23,190,12.1
CANADA,Canada,typekit.net,12,190,6.3
CANADA,Canada,cookiebot.com,1,190,0.5
CANADA,Canada,facebook.com,6,190,3.2
CANADA,Canada,facebook.net,5,190,2.6
CANADA,Canada,amazonaws.com,15,190,7.9
CANADA,Canada,addtoany.com,9,190,4.7
CANADA,Canada,arcgis.com,19,190,10.0
CANADA,Canada,cdn-cookieyes.com,1,190,0.5
CANADA,Canada,fbcdn.net,1,190,0.5
CANADA,Canada,mapbox.com,3,190,1.6
ITALY,Italy,googleapis.com,88,148,59.5
ITALY,Italy,googletagmanager.com,32,148,21.6
ITALY,Italy,gstatic.com,31,148,20.9
ITALY,Italy,jsdelivr.net,53,148,35.8
ITALY,Italy,fontawesome.com,25,148,16.9
ITALY,Italy,google.com,35,148,23.6
ITALY,Italy,cloudflare.com,38,148,25.7
ITALY,Italy,jquery.com,41,148,27.7
ITALY,Italy,unpkg.com,15,148,10.1
ITALY,Italy,bootstrapcdn.com,18,148,12.2
ITALY,Italy,typekit.net,2,148,1.4
ITALY,Italy,cookiebot.com,6,148,4.1
ITALY,Italy,facebook.com,4,148,2.7
ITALY,Italy,facebook.net,5,148,3.4
ITALY,Italy,amazonaws.com,7,148,4.7
ITALY,Italy,addtoany.com,11,148,7.4
ITALY,Italy,arcgis.com,3,148,2.0
ITALY,Italy,cdn-cookieyes.com,6,148,4.1
ITALY,Italy,fbcdn.net,0,148,0.0
ITALY,Italy,mapbox.com,1,148,0.7
LATVIA,Latvia,googleapis.com,38,141,27.0
LATVIA,Latvia,googletagmanager.com,25,141,17.7
LATVIA,Latvia,gstatic.com,14,141,9.9
LATVIA,Latvia,jsdelivr.net,14,141,9.9
LATVIA,Latvia,fontawesome.com,2,141,1.4
LATVIA,Latvia,google.com,10,141,7.1
LATVIA,Latvia,cloudflare.com,9,141,6.4
LATVIA,Latvia,jquery.com,7,141,5.0
LATVIA,Latvia,unpkg.com,4,141,2.8
LATVIA,Latvia,bootstrapcdn.com,5,141,3.5
LATVIA,Latvia,typekit.net,3,141,2.1
LATVIA,Latvia,cookiebot.com,4,141,2.8
LATVIA,Latvia,facebook.com,5,141,3.5
LATVIA,Latvia,facebook.net,0,141,0.0
LATVIA,Latvia,amazonaws.com,0,141,0.0
LATVIA,Latvia,addtoany.com,8,141,5.7
LATVIA,Latvia,arcgis.com,0,141,0.0
LATVIA,Latvia,cdn-cookieyes.com,2,141,1.4
LATVIA,Latvia,fbcdn.net,0,141,0.0
LATVIA,Latvia,mapbox.com,1,141,0.7
IRELAND,Ireland,googleapis.com,49,102,48.0
IRELAND,Ireland,googletagmanager.com,30,102,29.4
IRELAND,Ireland,gstatic.com,18,102,17.6
IRELAND,Ireland,jsdelivr.net,18,102,17.6
IRELAND,Ireland,fontawesome.com,8,102,7.8
IRELAND,Ireland,google.com,18,102,17.6
IRELAND,Ireland,cloudflare.com,18,102,17.6
IRELAND,Ireland,jquery.com,14,102,13.7
IRELAND,Ireland,unpkg.com,5,102,4.9
IRELAND,Ireland,bootstrapcdn.com,11,102,10.8
IRELAND,Ireland,typekit.net,7,102,6.9
IRELAND,Ireland,cookiebot.com,13,102,12.7
IRELAND,Ireland,facebook.com,3,102,2.9
IRELAND,Ireland,facebook.net,1,102,1.0
IRELAND,Ireland,amazonaws.com,8,102,7.8
IRELAND,Ireland,addtoany.com,1,102,1.0
IRELAND,Ireland,arcgis.com,2,102,2.0
IRELAND,Ireland,cdn-cookieyes.com,3,102,2.9
IRELAND,Ireland,fbcdn.net,0,102,0.0
IRELAND,Ireland,mapbox.com,0,102,0.0
DENMARK,Denmark,googleapis.com,26,79,32.9
DENMARK,Denmark,googletagmanager.com,1,79,1.3
DENMARK,Denmark,gstatic.com,14,79,17.7
DENMARK,Denmark,jsdelivr.net,5,79,6.3
DENMARK,Denmark,fontawesome.com,2,79,2.5
DENMARK,Denmark,google.com,6,79,7.6
DENMARK,Denmark,cloudflare.com,13,79,16.5
DENMARK,Denmark,jquery.com,9,79,11.4
DENMARK,Denmark,unpkg.com,9,79,11.4
DENMARK,Denmark,bootstrapcdn.com,3,79,3.8
DENMARK,Denmark,typekit.net,4,79,5.1
DENMARK,Denmark,cookiebot.com,9,79,11.4
DENMARK,Denmark,facebook.com,0,79,0.0
DENMARK,Denmark,facebook.net,1,79,1.3
DENMARK,Denmark,amazonaws.com,0,79,0.0
DENMARK,Denmark,addtoany.com,0,79,0.0
DENMARK,Denmark,arcgis.com,0,79,0.0
DENMARK,Denmark,cdn-cookieyes.com,0,79,0.0
DENMARK,Denmark,fbcdn.net,1,79,1.3
DENMARK,Denmark,mapbox.com,1,79,1.3
NETHERLANDS,Netherlands,googleapis.com,17,69,24.6
NETHERLANDS,Netherlands,googletagmanager.com,11,69,15.9
NETHERLANDS,Netherlands,gstatic.com,17,69,24.6
NETHERLANDS,Netherlands,jsdelivr.net,9,69,13.0
NETHERLANDS,Netherlands,fontawesome.com,6,69,8.7
NETHERLANDS,Netherlands,google.com,17,69,24.6
NETHERLANDS,Netherlands,cloudflare.com,10,69,14.5
NETHERLANDS,Netherlands,jquery.com,5,69,7.2
NETHERLANDS,Netherlands,unpkg.com,4,69,5.8
NETHERLANDS,Netherlands,bootstrapcdn.com,6,69,8.7
NETHERLANDS,Netherlands,typekit.net,4,69,5.8
NETHERLANDS,Netherlands,cookiebot.com,5,69,7.2
NETHERLANDS,Netherlands,facebook.com,1,69,1.4
NETHERLANDS,Netherlands,facebook.net,1,69,1.4
NETHERLANDS,Netherlands,amazonaws.com,2,69,2.9
NETHERLANDS,Netherlands,addtoany.com,0,69,0.0
NETHERLANDS,Netherlands,arcgis.com,3,69,4.3
NETHERLANDS,Netherlands,cdn-cookieyes.com,1,69,1.4
NETHERLANDS,Netherlands,fbcdn.net,0,69,0.0
NETHERLANDS,Netherlands,mapbox.com,0,69,0.0
BULGARIA,Bulgaria,googleapis.com,29,55,52.7
BULGARIA,Bulgaria,googletagmanager.com,13,55,23.6
BULGARIA,Bulgaria,gstatic.com,12,55,21.8
BULGARIA,Bulgaria,jsdelivr.net,7,55,12.7
BULGARIA,Bulgaria,fontawesome.com,6,55,10.9
BULGARIA,Bulgaria,google.com,16,55,29.1
BULGARIA,Bulgaria,cloudflare.com,15,55,27.3
BULGARIA,Bulgaria,jquery.com,9,55,16.4
BULGARIA,Bulgaria,unpkg.com,5,55,9.1
BULGARIA,Bulgaria,bootstrapcdn.com,6,55,10.9
BULGARIA,Bulgaria,typekit.net,0,55,0.0
BULGARIA,Bulgaria,cookiebot.com,1,55,1.8
BULGARIA,Bulgaria,facebook.com,1,55,1.8
BULGARIA,Bulgaria,facebook.net,1,55,1.8
BULGARIA,Bulgaria,amazonaws.com,1,55,1.8
BULGARIA,Bulgaria,addtoany.com,1,55,1.8
BULGARIA,Bulgaria,arcgis.com,0,55,0.0
BULGARIA,Bulgaria,cdn-cookieyes.com,0,55,0.0
BULGARIA,Bulgaria,fbcdn.net,2,55,3.6
BULGARIA,Bulgaria,mapbox.com,0,55,0.0
BELGIUM,Belgium,googleapis.com,21,41,51.2
BELGIUM,Belgium,googletagmanager.com,14,41,34.1
BELGIUM,Belgium,gstatic.com,12,41,29.3
BELGIUM,Belgium,jsdelivr.net,11,41,26.8
BELGIUM,Belgium,fontawesome.com,5,41,12.2
BELGIUM,Belgium,google.com,7,41,17.1
BELGIUM,Belgium,cloudflare.com,14,41,34.1
BELGIUM,Belgium,jquery.com,8,41,19.5
BELGIUM,Belgium,unpkg.com,10,41,24.4
BELGIUM,Belgium,bootstrapcdn.com,10,41,24.4
BELGIUM,Belgium,typekit.net,1,41,2.4
BELGIUM,Belgium,cookiebot.com,4,41,9.8
BELGIUM,Belgium,facebook.com,1,41,2.4
BELGIUM,Belgium,facebook.net,0,41,0.0
BELGIUM,Belgium,amazonaws.com,6,41,14.6
BELGIUM,Belgium,addtoany.com,4,41,9.8
BELGIUM,Belgium,arcgis.com,1,41,2.4
BELGIUM,Belgium,cdn-cookieyes.com,1,41,2.4
BELGIUM,Belgium,fbcdn.net,0,41,0.0
BELGIUM,Belgium,mapbox.com,1,41,2.4
FINLAND,Finland,googleapis.com,4,40,10.0
FINLAND,Finland,googletagmanager.com,1,40,2.5
FINLAND,Finland,gstatic.com,2,40,5.0
FINLAND,Finland,jsdelivr.net,2,40,5.0
FINLAND,Finland,fontawesome.com,1,40,2.5
FINLAND,Finland,google.com,1,40,2.5
FINLAND,Finland,cloudflare.com,3,40,7.5
FINLAND,Finland,jquery.com,1,40,2.5
FINLAND,Finland,unpkg.com,0,40,0.0
FINLAND,Finland,bootstrapcdn.com,0,40,0.0
FINLAND,Finland,typekit.net,1,40,2.5
FINLAND,Finland,cookiebot.com,2,40,5.0
FINLAND,Finland,facebook.com,0,40,0.0
FINLAND,Finland,facebook.net,0,40,0.0
FINLAND,Finland,amazonaws.com,0,40,0.0
FINLAND,Finland,addtoany.com,2,40,5.0
FINLAND,Finland,arcgis.com,0,40,0.0
FINLAND,Finland,cdn-cookieyes.com,0,40,0.0
FINLAND,Finland,fbcdn.net,0,40,0.0
FINLAND,Finland,mapbox.com,0,40,0.0
LUXEMBOURG,Luxembourg,googleapis.com,16,39,41.0
LUXEMBOURG,Luxembourg,googletagmanager.com,3,39,7.7
LUXEMBOURG,Luxembourg,gstatic.com,9,39,23.1
LUXEMBOURG,Luxembourg,jsdelivr.net,11,39,28.2
LUXEMBOURG,Luxembourg,fontawesome.com,6,39,15.4
LUXEMBOURG,Luxembourg,google.com,5,39,12.8
LUXEMBOURG,Luxembourg,cloudflare.com,4,39,10.3
LUXEMBOURG,Luxembourg,jquery.com,2,39,5.1
LUXEMBOURG,Luxembourg,unpkg.com,5,39,12.8
LUXEMBOURG,Luxembourg,bootstrapcdn.com,2,39,5.1
LUXEMBOURG,Luxembourg,typekit.net,6,39,15.4
LUXEMBOURG,Luxembourg,cookiebot.com,2,39,5.1
LUXEMBOURG,Luxembourg,facebook.com,0,39,0.0
LUXEMBOURG,Luxembourg,facebook.net,0,39,0.0
LUXEMBOURG,Luxembourg,amazonaws.com,1,39,2.6
LUXEMBOURG,Luxembourg,addtoany.com,1,39,2.6
LUXEMBOURG,Luxembourg,arcgis.com,1,39,2.6
LUXEMBOURG,Luxembourg,cdn-cookieyes.com,0,39,0.0
LUXEMBOURG,Luxembourg,fbcdn.net,1,39,2.6
LUXEMBOURG,Luxembourg,mapbox.com,0,39,0.0
AUSTRIA,Austria,googleapis.com,6,34,17.6
AUSTRIA,Austria,googletagmanager.com,1,34,2.9
AUSTRIA,Austria,gstatic.com,2,34,5.9
AUSTRIA,Austria,jsdelivr.net,5,34,14.7
AUSTRIA,Austria,fontawesome.com,2,34,5.9
AUSTRIA,Austria,google.com,4,34,11.8
AUSTRIA,Austria,cloudflare.com,2,34,5.9
AUSTRIA,Austria,jquery.com,1,34,2.9
AUSTRIA,Austria,unpkg.com,1,34,2.9
AUSTRIA,Austria,bootstrapcdn.com,0,34,0.0
AUSTRIA,Austria,typekit.net,1,34,2.9
AUSTRIA,Austria,cookiebot.com,3,34,8.8
AUSTRIA,Austria,facebook.com,0,34,0.0
AUSTRIA,Austria,facebook.net,1,34,2.9
AUSTRIA,Austria,amazonaws.com,0,34,0.0
AUSTRIA,Austria,addtoany.com,0,34,0.0
AUSTRIA,Austria,arcgis.com,0,34,0.0
AUSTRIA,Austria,cdn-cookieyes.com,0,34,0.0
AUSTRIA,Austria,fbcdn.net,0,34,0.0
AUSTRIA,Austria,mapbox.com,0,34,0.0
NORWAY,Norway,googleapis.com,13,34,38.2
NORWAY,Norway,googletagmanager.com,3,34,8.8
NORWAY,Norway,gstatic.com,5,34,14.7
NORWAY,Norway,jsdelivr.net,6,34,17.6
NORWAY,Norway,fontawesome.com,1,34,2.9
NORWAY,Norway,google.com,4,34,11.8
NORWAY,Norway,cloudflare.com,6,34,17.6
NORWAY,Norway,jquery.com,4,34,11.8
NORWAY,Norway,unpkg.com,3,34,8.8
NORWAY,Norway,bootstrapcdn.com,4,34,11.8
NORWAY,Norway,typekit.net,2,34,5.9
NORWAY,Norway,cookiebot.com,4,34,11.8
NORWAY,Norway,facebook.com,0,34,0.0
NORWAY,Norway,facebook.net,0,34,0.0
NORWAY,Norway,amazonaws.com,0,34,0.0
NORWAY,Norway,addtoany.com,0,34,0.0
NORWAY,Norway,arcgis.com,2,34,5.9
NORWAY,Norway,cdn-cookieyes.com,1,34,2.9
NORWAY,Norway,fbcdn.net,0,34,0.0
NORWAY,Norway,mapbox.com,0,34,0.0
CZECHIA,Czechia,googleapis.com,20,32,62.5
CZECHIA,Czechia,googletagmanager.com,15,32,46.9
CZECHIA,Czechia,gstatic.com,12,32,37.5
CZECHIA,Czechia,jsdelivr.net,9,32,28.1
CZECHIA,Czechia,fontawesome.com,4,32,12.5
CZECHIA,Czechia,google.com,10,32,31.2
CZECHIA,Czechia,cloudflare.com,7,32,21.9
CZECHIA,Czechia,jquery.com,9,32,28.1
CZECHIA,Czechia,unpkg.com,6,32,18.8
CZECHIA,Czechia,bootstrapcdn.com,5,32,15.6
CZECHIA,Czechia,typekit.net,2,32,6.2
CZECHIA,Czechia,cookiebot.com,1,32,3.1
CZECHIA,Czechia,facebook.com,6,32,18.8
CZECHIA,Czechia,facebook.net,2,32,6.2
CZECHIA,Czechia,amazonaws.com,1,32,3.1
CZECHIA,Czechia,addtoany.com,0,32,0.0
CZECHIA,Czechia,arcgis.com,3,32,9.4
CZECHIA,Czechia,cdn-cookieyes.com,1,32,3.1
CZECHIA,Czechia,fbcdn.net,1,32,3.1
CZECHIA,Czechia,mapbox.com,2,32,6.2
CROATIA,Croatia,googleapis.com,16,31,51.6
CROATIA,Croatia,googletagmanager.com,20,31,64.5
CROATIA,Croatia,gstatic.com,5,31,16.1
CROATIA,Croatia,jsdelivr.net,7,31,22.6
CROATIA,Croatia,fontawesome.com,5,31,16.1
CROATIA,Croatia,google.com,8,31,25.8
CROATIA,Croatia,cloudflare.com,8,31,25.8
CROATIA,Croatia,jquery.com,2,31,6.5
CROATIA,Croatia,unpkg.com,1,31,3.2
CROATIA,Croatia,bootstrapcdn.com,4,31,12.9
CROATIA,Croatia,typekit.net,1,31,3.2
CROATIA,Croatia,cookiebot.com,0,31,0.0
CROATIA,Croatia,facebook.com,2,31,6.5
CROATIA,Croatia,facebook.net,2,31,6.5
CROATIA,Croatia,amazonaws.com,0,31,0.0
CROATIA,Croatia,addtoany.com,2,31,6.5
CROATIA,Croatia,arcgis.com,1,31,3.2
CROATIA,Croatia,cdn-cookieyes.com,0,31,0.0
CROATIA,Croatia,fbcdn.net,1,31,3.2
CROATIA,Croatia,mapbox.com,0,31,0.0
ESTONIA,Estonia,googleapis.com,10,31,32.3
ESTONIA,Estonia,googletagmanager.com,9,31,29.0
ESTONIA,Estonia,gstatic.com,7,31,22.6
ESTONIA,Estonia,jsdelivr.net,4,31,12.9
ESTONIA,Estonia,fontawesome.com,5,31,16.1
ESTONIA,Estonia,google.com,3,31,9.7
ESTONIA,Estonia,cloudflare.com,9,31,29.0
ESTONIA,Estonia,jquery.com,2,31,6.5
ESTONIA,Estonia,unpkg.com,0,31,0.0
ESTONIA,Estonia,bootstrapcdn.com,2,31,6.5
ESTONIA,Estonia,typekit.net,1,31,3.2
ESTONIA,Estonia,cookiebot.com,1,31,3.2
ESTONIA,Estonia,facebook.com,3,31,9.7
ESTONIA,Estonia,facebook.net,3,31,9.7
ESTONIA,Estonia,amazonaws.com,0,31,0.0
ESTONIA,Estonia,addtoany.com,3,31,9.7
ESTONIA,Estonia,arcgis.com,0,31,0.0
ESTONIA,Estonia,cdn-cookieyes.com,1,31,3.2
ESTONIA,Estonia,fbcdn.net,1,31,3.2
ESTONIA,Estonia,mapbox.com,1,31,3.2
HUNGARY,Hungary,googleapis.com,17,27,63.0
HUNGARY,Hungary,googletagmanager.com,10,27,37.0
HUNGARY,Hungary,gstatic.com,6,27,22.2
HUNGARY,Hungary,jsdelivr.net,5,27,18.5
HUNGARY,Hungary,fontawesome.com,3,27,11.1
HUNGARY,Hungary,google.com,5,27,18.5
HUNGARY,Hungary,cloudflare.com,10,27,37.0
HUNGARY,Hungary,jquery.com,4,27,14.8
HUNGARY,Hungary,unpkg.com,1,27,3.7
HUNGARY,Hungary,bootstrapcdn.com,1,27,3.7
HUNGARY,Hungary,typekit.net,1,27,3.7
HUNGARY,Hungary,cookiebot.com,0,27,0.0
HUNGARY,Hungary,facebook.com,4,27,14.8
HUNGARY,Hungary,facebook.net,1,27,3.7
HUNGARY,Hungary,amazonaws.com,1,27,3.7
HUNGARY,Hungary,addtoany.com,0,27,0.0
HUNGARY,Hungary,arcgis.com,0,27,0.0
HUNGARY,Hungary,cdn-cookieyes.com,0,27,0.0
HUNGARY,Hungary,fbcdn.net,0,27,0.0
HUNGARY,Hungary,mapbox.com,1,27,3.7
ROMANIA,Romania,googleapis.com,13,24,54.2
ROMANIA,Romania,googletagmanager.com,10,24,41.7
ROMANIA,Romania,gstatic.com,7,24,29.2
ROMANIA,Romania,jsdelivr.net,5,24,20.8
ROMANIA,Romania,fontawesome.com,1,24,4.2
ROMANIA,Romania,google.com,6,24,25.0
ROMANIA,Romania,cloudflare.com,4,24,16.7
ROMANIA,Romania,jquery.com,5,24,20.8
ROMANIA,Romania,unpkg.com,1,24,4.2
ROMANIA,Romania,bootstrapcdn.com,3,24,12.5
ROMANIA,Romania,typekit.net,0,24,0.0
ROMANIA,Romania,cookiebot.com,0,24,0.0
ROMANIA,Romania,facebook.com,0,24,0.0
ROMANIA,Romania,facebook.net,2,24,8.3
ROMANIA,Romania,amazonaws.com,1,24,4.2
ROMANIA,Romania,addtoany.com,0,24,0.0
ROMANIA,Romania,arcgis.com,0,24,0.0
ROMANIA,Romania,cdn-cookieyes.com,0,24,0.0
ROMANIA,Romania,fbcdn.net,0,24,0.0
ROMANIA,Romania,mapbox.com,0,24,0.0
SLOVAKIA,Slovakia,googleapis.com,14,20,70.0
SLOVAKIA,Slovakia,googletagmanager.com,10,20,50.0
SLOVAKIA,Slovakia,gstatic.com,7,20,35.0
SLOVAKIA,Slovakia,jsdelivr.net,3,20,15.0
SLOVAKIA,Slovakia,fontawesome.com,3,20,15.0
SLOVAKIA,Slovakia,google.com,10,20,50.0
SLOVAKIA,Slovakia,cloudflare.com,4,20,20.0
SLOVAKIA,Slovakia,jquery.com,3,20,15.0
SLOVAKIA,Slovakia,unpkg.com,3,20,15.0
SLOVAKIA,Slovakia,bootstrapcdn.com,1,20,5.0
SLOVAKIA,Slovakia,typekit.net,0,20,0.0
SLOVAKIA,Slovakia,cookiebot.com,0,20,0.0
SLOVAKIA,Slovakia,facebook.com,2,20,10.0
SLOVAKIA,Slovakia,facebook.net,3,20,15.0
SLOVAKIA,Slovakia,amazonaws.com,1,20,5.0
SLOVAKIA,Slovakia,addtoany.com,1,20,5.0
SLOVAKIA,Slovakia,arcgis.com,2,20,10.0
SLOVAKIA,Slovakia,cdn-cookieyes.com,1,20,5.0
SLOVAKIA,Slovakia,fbcdn.net,1,20,5.0
SLOVAKIA,Slovakia,mapbox.com,1,20,5.0
ICELAND,Iceland,googleapis.com,9,19,47.4
ICELAND,Iceland,googletagmanager.com,5,19,26.3
ICELAND,Iceland,gstatic.com,1,19,5.3
ICELAND,Iceland,jsdelivr.net,1,19,5.3
ICELAND,Iceland,fontawesome.com,3,19,15.8
ICELAND,Iceland,google.com,0,19,0.0
ICELAND,Iceland,cloudflare.com,4,19,21.1
ICELAND,Iceland,jquery.com,0,19,0.0
ICELAND,Iceland,unpkg.com,1,19,5.3
ICELAND,Iceland,bootstrapcdn.com,1,19,5.3
ICELAND,Iceland,typekit.net,3,19,15.8
ICELAND,Iceland,cookiebot.com,0,19,0.0
ICELAND,Iceland,facebook.com,1,19,5.3
ICELAND,Iceland,facebook.net,0,19,0.0
ICELAND,Iceland,amazonaws.com,0,19,0.0
ICELAND,Iceland,addtoany.com,0,19,0.0
ICELAND,Iceland,arcgis.com,2,19,10.5
ICELAND,Iceland,cdn-cookieyes.com,0,19,0.0
ICELAND,Iceland,fbcdn.net,0,19,0.0
ICELAND,Iceland,mapbox.com,0,19,0.0
SLOVENIA,Slovenia,googleapis.com,6,16,37.5
SLOVENIA,Slovenia,googletagmanager.com,5,16,31.2
SLOVENIA,Slovenia,gstatic.com,2,16,12.5
SLOVENIA,Slovenia,jsdelivr.net,5,16,31.2
SLOVENIA,Slovenia,fontawesome.com,3,16,18.8
SLOVENIA,Slovenia,google.com,2,16,12.5
SLOVENIA,Slovenia,cloudflare.com,7,16,43.8
SLOVENIA,Slovenia,jquery.com,2,16,12.5
SLOVENIA,Slovenia,unpkg.com,1,16,6.2
SLOVENIA,Slovenia,bootstrapcdn.com,2,16,12.5
SLOVENIA,Slovenia,typekit.net,0,16,0.0
SLOVENIA,Slovenia,cookiebot.com,0,16,0.0
SLOVENIA,Slovenia,facebook.com,0,16,0.0
SLOVENIA,Slovenia,facebook.net,0,16,0.0
SLOVENIA,Slovenia,amazonaws.com,0,16,0.0
SLOVENIA,Slovenia,addtoany.com,0,16,0.0
SLOVENIA,Slovenia,arcgis.com,1,16,6.2
SLOVENIA,Slovenia,cdn-cookieyes.com,0,16,0.0
SLOVENIA,Slovenia,fbcdn.net,0,16,0.0
SLOVENIA,Slovenia,mapbox.com,0,16,0.0
LITHUANIA,Lithuania,googleapis.com,8,15,53.3
LITHUANIA,Lithuania,googletagmanager.com,6,15,40.0
LITHUANIA,Lithuania,gstatic.com,5,15,33.3
LITHUANIA,Lithuania,jsdelivr.net,6,15,40.0
LITHUANIA,Lithuania,fontawesome.com,2,15,13.3
LITHUANIA,Lithuania,google.com,3,15,20.0
LITHUANIA,Lithuania,cloudflare.com,5,15,33.3
LITHUANIA,Lithuania,jquery.com,3,15,20.0
LITHUANIA,Lithuania,unpkg.com,1,15,6.7
LITHUANIA,Lithuania,bootstrapcdn.com,2,15,13.3
LITHUANIA,Lithuania,typekit.net,0,15,0.0
LITHUANIA,Lithuania,cookiebot.com,0,15,0.0
LITHUANIA,Lithuania,facebook.com,1,15,6.7
LITHUANIA,Lithuania,facebook.net,1,15,6.7
LITHUANIA,Lithuania,amazonaws.com,1,15,6.7
LITHUANIA,Lithuania,addtoany.com,0,15,0.0
LITHUANIA,Lithuania,arcgis.com,2,15,13.3
LITHUANIA,Lithuania,cdn-cookieyes.com,0,15,0.0
LITHUANIA,Lithuania,fbcdn.net,1,15,6.7
LITHUANIA,Lithuania,mapbox.com,0,15,0.0
SWITZERLAND,Switzerland,googleapis.com,5,9,55.6
SWITZERLAND,Switzerland,googletagmanager.com,4,9,44.4
SWITZERLAND,Switzerland,gstatic.com,4,9,44.4
SWITZERLAND,Switzerland,jsdelivr.net,5,9,55.6
SWITZERLAND,Switzerland,fontawesome.com,2,9,22.2
SWITZERLAND,Switzerland,google.com,3,9,33.3
SWITZERLAND,Switzerland,cloudflare.com,5,9,55.6
SWITZERLAND,Switzerland,jquery.com,4,9,44.4
SWITZERLAND,Switzerland,unpkg.com,2,9,22.2
SWITZERLAND,Switzerland,bootstrapcdn.com,3,9,33.3
SWITZERLAND,Switzerland,typekit.net,1,9,11.1
SWITZERLAND,Switzerland,cookiebot.com,1,9,11.1
SWITZERLAND,Switzerland,facebook.com,0,9,0.0
SWITZERLAND,Switzerland,facebook.net,0,9,0.0
SWITZERLAND,Switzerland,amazonaws.com,2,9,22.2
SWITZERLAND,Switzerland,addtoany.com,0,9,0.0
SWITZERLAND,Switzerland,arcgis.com,0,9,0.0
SWITZERLAND,Switzerland,cdn-cookieyes.com,1,9,11.1
SWITZERLAND,Switzerland,fbcdn.net,0,9,0.0
SWITZERLAND,Switzerland,mapbox.com,1,9,11.1
REPUBLIC_OF_CYPRUS,Cyprus,googleapis.com,5,6,83.3
REPUBLIC_OF_CYPRUS,Cyprus,googletagmanager.com,2,6,33.3
REPUBLIC_OF_CYPRUS,Cyprus,gstatic.com,3,6,50.0
REPUBLIC_OF_CYPRUS,Cyprus,jsdelivr.net,1,6,16.7
REPUBLIC_OF_CYPRUS,Cyprus,fontawesome.com,1,6,16.7
REPUBLIC_OF_CYPRUS,Cyprus,google.com,1,6,16.7
REPUBLIC_OF_CYPRUS,Cyprus,cloudflare.com,0,6,0.0
REPUBLIC_OF_CYPRUS,Cyprus,jquery.com,0,6,0.0
REPUBLIC_OF_CYPRUS,Cyprus,unpkg.com,0,6,0.0
REPUBLIC_OF_CYPRUS,Cyprus,bootstrapcdn.com,0,6,0.0
REPUBLIC_OF_CYPRUS,Cyprus,typekit.net,0,6,0.0
REPUBLIC_OF_CYPRUS,Cyprus,cookiebot.com,0,6,0.0
REPUBLIC_OF_CYPRUS,Cyprus,facebook.com,0,6,0.0
REPUBLIC_OF_CYPRUS,Cyprus,facebook.net,0,6,0.0
REPUBLIC_OF_CYPRUS,Cyprus,amazonaws.com,0,6,0.0
REPUBLIC_OF_CYPRUS,Cyprus,addtoany.com,2,6,33.3
REPUBLIC_OF_CYPRUS,Cyprus,arcgis.com,0,6,0.0
REPUBLIC_OF_CYPRUS,Cyprus,cdn-cookieyes.com,0,6,0.0
REPUBLIC_OF_CYPRUS,Cyprus,fbcdn.net,0,6,0.0
REPUBLIC_OF_CYPRUS,Cyprus,mapbox.com,0,6,0.0
MALTA,Malta,googleapis.com,2,3,66.7
MALTA,Malta,googletagmanager.com,1,3,33.3
MALTA,Malta,gstatic.com,2,3,66.7
MALTA,Malta,jsdelivr.net,1,3,33.3
MALTA,Malta,fontawesome.com,2,3,66.7
MALTA,Malta,google.com,1,3,33.3
MALTA,Malta,cloudflare.com,1,3,33.3
MALTA,Malta,jquery.com,1,3,33.3
MALTA,Malta,unpkg.com,1,3,33.3
MALTA,Malta,bootstrapcdn.com,1,3,33.3
MALTA,Malta,typekit.net,1,3,33.3
MALTA,Malta,cookiebot.com,1,3,33.3
MALTA,Malta,facebook.com,1,3,33.3
MALTA,Malta,facebook.net,1,3,33.3
MALTA,Malta,amazonaws.com,1,3,33.3
MALTA,Malta,addtoany.com,1,3,33.3
MALTA,Malta,arcgis.com,1,3,33.3
MALTA,Malta,cdn-cookieyes.com,0,3,0.0
MALTA,Malta,fbcdn.net,1,3,33.3
MALTA,Malta,mapbox.com,1,3,33.3
